Participant Idx,Original Prob.,Best Possible Prob.,Risk Decrease,SNP Name,Ori. SNP Value,New SNP Value
1,0.4454516266079135,0.42838132403834267,0.017070302569570817,rs999737,0,2
2,0.41772896411658783,0.3989171244928514,0.018811839623736448,rs1550623,0,2
3,0.39770011042348136,0.38735287799920043,0.010347232424280928,rs11627032,1,2
4,0.4204856678434573,0.4008454950621222,0.01964017278133512,rs999737,0,2
5,0.39248065245534264,0.38235881985905407,0.010121832596288571,rs11249433,0,1
6,0.461700020279186,0.4286215899858582,0.0330784302933278,rs999737,0,2
7,0.42076645665389895,0.4030359600272444,0.017730496626654546,rs720475,0,2
8,0.4676657013494615,0.43218835176183923,0.035477349587622276,rs999737,0,2
9,0.4376457143547286,0.4123989557177227,0.025246758637005873,rs999737,0,2
10,0.4140704485676394,0.4036308180996872,0.01043963046795221,rs1292011,1,2
11,0.4272778218612646,0.39669308132367787,0.030584740537586752,rs4973768,2,0
12,0.4394762612698557,0.41610853203211695,0.02336772923773872,rs999737,1,2
13,0.4297929161156815,0.41006196977290654,0.019730946342774947,rs11199914,2,0
14,0.419852359250527,0.3965868719383433,0.023265487312183697,rs999737,0,2
15,0.42305439001698447,0.3946554052037723,0.02839898481321218,rs4973768,2,0
16,0.4607106305638927,0.43193480252179056,0.02877582804210216,rs999737,0,2
17,0.3987306928869005,0.3851170660471191,0.013613626839781401,rs11249433,1,0
18,0.4444816470690809,0.43083905458887983,0.013642592480201055,rs999737,1,2
19,0.42559759309770184,0.4052455131783183,0.020352079919383537,rs1550623,0,2
20,0.44321169719925974,0.412864536147678,0.03034716105158175,rs999737,0,2
21,0.4141355712397252,0.3989829143055499,0.015152656934175335,rs11627032,0,2
22,0.4387999263190896,0.4153849194943417,0.023415006824747897,rs999737,0,2
23,0.43031085987051954,0.41057089711915395,0.01973996275136558,rs13329835,1,0
24,0.4707947589822827,0.4519030627052837,0.018891696276998993,rs13329835,2,0
25,0.4537717154568318,0.43607400915512673,0.017697706301705085,rs11627032,0,2
26,0.39735015233328164,0.3818571583459557,0.015492993987325954,rs9693444,1,0
27,0.4070078103948902,0.3861083437392775,0.02089946665561271,rs999737,0,2
28,0.41880080990557417,0.3961530042662418,0.022647805639332386,rs4973768,1,0
29,0.45662002007136904,0.4313780898176123,0.02524193025375676,rs1292011,0,2
30,0.4163514162037362,0.38731974053122387,0.029031675672512358,rs3817198,2,0
31,0.44560342813435055,0.4251248025653407,0.020478625569009867,rs1550623,0,2
32,0.41276177686998994,0.39202700934874257,0.020734767521247366,rs1292011,0,2
33,0.4470686738054772,0.42314714589372465,0.02392152791175256,rs720475,0,2
34,0.44766576075646036,0.4260575876448036,0.021608173111656748,rs999737,0,2
35,0.41439570468853965,0.4035147046275396,0.010881000061000068,rs999737,1,2
36,0.44574917462598146,0.4285149310825044,0.01723424354347708,rs11627032,0,2
37,0.4443391368053495,0.42249179312443097,0.021847343680918507,rs720475,0,2
38,0.4154719490519897,0.3973046560631498,0.0181672929888399,rs999737,0,2
39,0.41446921456820235,0.39555569432412296,0.018913520244079385,rs6762644,0,1
40,0.43425309023869024,0.4114721868837725,0.022780903354917725,rs11627032,0,2
41,0.4240268831602409,0.4112069765070281,0.01281990665321281,rs999737,0,2
42,0.44883438979915224,0.4248946059046036,0.02393978389454865,rs999737,0,2
43,0.4327114112014142,0.4083235669294522,0.024387844271962,rs999737,0,2
44,0.45257530475082164,0.42727576875631,0.025299535994511624,rs4973768,2,0
45,0.4212187880368846,0.410435924483533,0.010782863553351618,rs1550623,1,2
46,0.4722071295737768,0.4404025742146909,0.031804555359085884,rs1292011,0,2
47,0.4048338022525125,0.39459435955793687,0.010239442694575607,rs1550623,0,2
48,0.4640855591171322,0.43414102769392743,0.029944531423204745,rs11249433,2,1
49,0.4395262504731414,0.4199120415044726,0.019614208968668834,rs3817198,2,0
50,0.4335800917784319,0.42012693518709965,0.013453156591332227,rs9693444,2,1
51,0.4519848414653536,0.4138701897480513,0.03811465171730233,rs999737,0,2
52,0.44963543908460246,0.41159367315544776,0.0380417659291547,rs13329835,2,0
53,0.46186843099955,0.4389860582456169,0.022882372753933122,rs1550623,0,2
54,0.45091350988833284,0.4134382677153095,0.03747524217302334,rs1292011,0,2
55,0.46451348916628454,0.43661377490024356,0.027899714266040987,rs999737,0,2
56,0.4629750457001188,0.4357590387942082,0.02721600690591064,rs999737,0,2
57,0.45428315037740963,0.42712772126992404,0.027155429107485585,rs999737,0,2
58,0.48206566394593947,0.4420310245862642,0.04003463935967527,rs4973768,2,0
59,0.4504357141950799,0.41876966729787735,0.03166604689720254,rs999737,0,2
60,0.43752708354387493,0.4061952392397545,0.03133184430412045,rs3817198,2,0
61,0.41957261682243446,0.4074110954512215,0.012161521371212958,rs204247,2,0
62,0.45583021198575707,0.42296796594227287,0.0328622460434842,rs999737,0,2
63,0.4812954363948624,0.4488501041574623,0.03244533223740009,rs3817198,2,0
64,0.427202110562991,0.39499582120173526,0.03220628936125575,rs999737,0,2
65,0.4838088449493674,0.4449754780235651,0.038833366925802304,rs999737,0,2
66,0.49600144350135567,0.4692988902426037,0.026702553258751982,rs1550623,0,2
67,0.490626626367164,0.4562007491830903,0.034425877184073694,rs999737,0,2
68,0.46364900828243366,0.4357101378579353,0.027938870424498385,rs999737,0,2
69,0.44261343804722414,0.4286016511448706,0.014011786902353551,rs9693444,2,0
70,0.46419206061645424,0.43421214807983277,0.029979912536621467,rs999737,0,2
71,0.44936880674325635,0.4281434072257172,0.021225399517539156,rs720475,0,2
72,0.4309747097598984,0.41384287431084077,0.01713183544905761,rs999737,0,2
73,0.46484274420853355,0.4326033075895947,0.032239436618938855,rs4973768,2,0
74,0.4762548721016831,0.42895112570175725,0.04730374639992585,rs4973768,2,0
75,0.4716696136279444,0.4440316492515665,0.027637964376377888,rs11249433,2,1
76,0.4477705998933939,0.42119299356022794,0.02657760633316597,rs720475,0,2
77,0.5198352865719812,0.473152549251433,0.04668273732054817,rs999737,0,2
78,0.47308353926191093,0.4449629784097073,0.028120560852203658,rs999737,0,2
79,0.4580924751914663,0.4152373479987049,0.04285512719276141,rs4973768,1,0
80,0.4565797518330431,0.4390155212399727,0.01756423059307044,rs1292011,0,2
81,0.48287100870148203,0.4474339076873742,0.03543710101410785,rs3817198,1,0
82,0.455874057930741,0.4314256721205847,0.024448385810156292,rs999737,1,2
83,0.4495533432684286,0.4299144735326999,0.019638869735728703,rs999737,0,2
84,0.40596739105924434,0.39268169450815926,0.01328569655108508,rs7904519,2,0
85,0.43723587267140657,0.41533895001032006,0.021896922661086504,rs9693444,2,0
86,0.4864398077644061,0.4552521589114801,0.03118764885292602,rs999737,0,2
87,0.47923107082032923,0.44357383553244034,0.03565723528788889,rs1550623,0,2
88,0.4354944117386664,0.4043843956836868,0.031110016054979595,rs1292011,0,2
89,0.43121475095861805,0.405988670635515,0.02522608032310303,rs999737,0,2
90,0.4608461068894688,0.4309724145775048,0.029873692311964017,rs17356907,0,2
91,0.4616954452589887,0.4364849799754066,0.025210465283582117,rs11249433,2,0
92,0.4661297983345499,0.43860201011887306,0.027527788215676863,rs4973768,2,0
93,0.46557648974070687,0.4388514218616221,0.02672506787908474,rs1550623,0,2
94,0.4791537316109879,0.4484081982822272,0.030745533328760677,rs999737,0,2
95,0.4834828340672068,0.45252506796464176,0.030957766102565065,rs13329835,2,0
96,0.49699279190993345,0.44153327327850134,0.055459518631432114,rs4973768,2,0
97,0.46131362218285255,0.4306556218312523,0.030658000351600267,rs3817198,2,0
98,0.41871396513535103,0.39053774804103186,0.028176217094319167,rs999737,0,2
99,0.420914325040302,0.3990297944520435,0.02188453058825851,rs999737,1,2
100,0.4584414167505761,0.43493844930952597,0.023502967441050127,rs13329835,2,0
