,rs616488,rs11249433,rs4849887,rs2016394,rs1550623,rs6762644,rs4973768,rs1053338,rs1353747,rs1432679,rs204247,rs11977670,rs720475,rs9693444,rs11780156,rs1011970,rs7072776,rs704010,rs7904519,rs11199914,rs3817198,rs17356907,rs1292011,rs999737,rs11627032,rs13329835,rs1436904,rs3760982,rs2823093,phenotype
0,0,0,1,1,0,2,0,1,0,1,1,1,0,0,0,0,0,0,2,0,1,0,1,0,0,0,0,1,1,0
1,0,0,0,2,0,1,1,0,0,0,1,1,0,1,1,0,1,0,1,2,1,1,0,1,0,0,1,1,0,0
2,0,1,0,1,1,2,0,0,0,2,1,1,2,0,0,0,1,0,0,0,0,1,0,0,0,2,1,2,1,0
3,1,1,0,2,0,1,1,1,1,1,2,2,0,0,0,1,1,0,1,1,0,0,0,0,1,1,0,0,1,0
4,0,2,0,1,0,1,0,1,0,2,1,1,0,0,0,1,1,0,2,0,0,0,0,1,0,1,0,0,1,0
5,1,0,0,0,0,0,1,0,0,1,2,0,0,1,1,0,0,0,2,1,1,0,0,0,0,0,0,1,1,0
6,1,0,0,0,0,1,2,0,0,0,2,1,1,1,0,0,1,1,1,2,1,1,1,0,0,0,1,2,0,0
7,1,1,0,1,0,1,1,2,0,0,1,0,1,0,1,0,0,0,2,1,0,0,2,0,0,1,1,0,0,0
8,1,1,0,2,0,0,2,0,0,1,1,1,0,0,0,1,0,1,1,1,0,1,2,0,0,0,0,0,1,0
9,2,1,0,0,0,1,1,0,0,1,1,1,0,0,0,0,0,1,2,1,1,2,0,0,1,0,1,1,0,0
10,0,2,0,1,0,1,2,1,1,0,1,2,0,0,0,0,0,2,0,2,0,1,0,0,1,0,1,0,0,0
11,1,0,1,1,0,0,2,0,0,2,1,1,1,0,1,1,1,0,1,0,0,1,1,1,0,0,1,1,1,0
12,1,0,0,1,1,0,0,0,0,1,1,0,2,0,0,0,2,2,0,1,0,0,1,1,0,0,0,0,0,0
13,1,1,0,1,0,2,1,0,0,1,2,1,0,0,0,0,1,0,2,2,0,1,0,2,0,0,2,2,2,0
14,1,0,0,2,0,1,0,0,0,2,2,1,1,0,0,0,0,0,0,0,0,1,1,1,1,0,1,1,1,0
15,1,0,1,2,0,1,2,0,0,1,0,0,0,1,1,1,1,1,0,0,1,0,0,0,0,1,1,0,2,0
16,0,1,0,2,0,1,1,2,0,1,1,1,2,1,1,0,1,1,0,0,0,1,0,0,1,0,1,2,1,0
17,1,1,1,2,0,0,1,0,0,0,1,0,0,2,0,0,1,0,1,2,0,0,1,0,0,1,0,1,0,0
18,0,2,1,1,0,1,1,1,1,2,1,0,1,0,0,0,1,1,0,1,0,1,0,0,0,1,1,0,2,0
19,0,1,0,1,0,0,0,1,0,2,0,1,0,2,0,0,1,2,0,0,0,0,1,0,0,1,1,2,0,0
20,1,0,0,1,0,1,2,0,0,1,0,1,0,1,0,0,0,1,1,0,0,0,1,1,0,1,0,0,1,0
21,0,0,0,1,0,0,2,0,0,0,0,1,2,0,0,0,1,0,1,1,0,0,0,0,1,0,0,0,0,0
22,1,1,0,0,0,0,1,0,0,2,1,1,1,1,0,1,1,2,2,1,1,0,1,0,0,2,1,2,1,0
23,0,0,0,0,0,2,0,1,0,1,0,0,0,0,0,0,2,0,2,1,1,0,2,1,0,1,0,0,1,0
24,0,1,0,1,0,2,1,0,0,1,1,0,1,1,0,0,1,1,1,1,0,0,2,2,0,0,1,1,1,0
25,0,1,0,1,0,0,1,0,1,0,0,0,1,1,0,0,1,1,0,1,2,0,1,0,0,0,0,1,0,0
26,1,1,0,0,0,0,1,0,0,1,0,1,0,0,0,0,0,1,0,0,0,0,2,0,0,1,1,2,0,0
27,0,0,0,0,0,1,1,1,1,2,2,1,1,1,1,0,0,1,1,0,0,0,1,0,0,0,1,1,0,0
28,1,1,0,1,0,1,1,1,0,0,1,0,0,0,0,1,0,1,1,0,2,0,0,0,0,2,2,1,1,0
29,1,1,0,2,0,1,1,0,0,1,0,2,1,0,1,0,1,0,0,2,1,0,0,0,1,0,0,1,0,0
30,1,0,0,2,0,2,1,0,0,0,0,1,0,0,0,1,1,0,0,1,1,0,2,0,2,0,1,2,2,0
31,1,0,0,1,1,0,2,0,0,0,0,1,0,1,1,0,0,1,2,1,1,0,1,1,0,1,1,1,1,0
32,0,0,0,2,0,1,2,0,0,1,2,0,0,0,0,0,1,1,0,0,1,1,1,1,0,1,1,1,0,0
33,1,0,0,0,1,1,0,0,0,1,1,1,0,2,2,0,1,1,2,0,0,0,0,1,0,0,1,2,0,0
34,0,1,0,1,0,1,1,0,0,0,2,2,1,1,2,1,2,0,0,1,1,1,1,0,1,0,0,1,0,0
35,1,2,0,2,0,0,1,0,1,1,1,0,1,2,0,0,0,1,1,0,0,1,1,1,0,0,0,1,0,0
36,1,1,1,2,0,1,0,1,1,1,1,0,0,0,0,1,1,1,1,1,1,0,1,0,0,0,0,0,0,0
37,1,1,0,1,0,1,1,0,0,1,1,2,1,1,0,0,1,1,0,1,0,2,1,0,0,1,0,2,0,0
38,1,2,0,1,1,0,2,0,1,1,0,2,1,1,1,0,1,1,2,0,0,1,0,0,1,1,0,2,1,0
39,0,0,1,1,0,1,2,0,0,0,0,0,1,0,0,1,0,0,0,1,1,0,0,1,0,0,1,2,0,0
40,0,2,0,0,0,1,2,0,0,1,2,1,1,0,0,1,1,1,1,0,0,1,0,1,0,0,1,0,2,0
41,1,0,0,1,0,1,1,0,0,2,1,2,1,0,1,1,0,1,0,0,1,2,1,0,1,0,1,2,0,0
42,0,0,2,0,1,1,1,0,0,1,0,0,0,0,0,1,1,1,2,0,0,0,0,0,1,1,1,1,0,0
43,1,0,0,0,1,1,2,0,0,2,0,2,1,1,1,0,1,1,1,1,0,0,0,1,0,1,0,1,1,0
44,1,1,0,2,0,0,0,0,0,2,2,2,0,0,2,1,0,1,1,1,1,0,0,0,1,1,2,2,0,0
45,1,0,0,1,0,1,2,1,0,2,1,1,1,1,1,1,0,0,0,0,1,1,0,1,0,1,1,1,0,0
46,0,1,0,0,1,1,1,0,0,1,0,2,0,0,0,0,1,0,1,0,1,0,0,1,0,1,1,0,2,0
47,2,1,1,0,0,1,1,1,0,0,1,0,0,2,1,0,1,0,0,1,0,0,0,0,0,0,0,1,1,0
48,0,0,0,0,2,0,0,1,0,1,2,1,1,0,0,0,2,1,0,1,0,0,1,0,0,0,0,0,0,0
49,0,0,0,0,0,0,2,0,0,0,2,1,0,1,0,0,0,0,1,0,2,0,1,0,1,0,1,2,0,0
50,1,2,0,1,2,1,1,0,1,1,0,1,0,2,0,1,0,0,2,0,1,0,2,1,1,0,1,0,0,1
51,1,2,0,0,0,0,0,0,0,1,0,2,0,1,0,0,0,0,0,1,0,2,1,0,1,0,0,1,1,1
52,0,1,0,1,0,1,1,1,0,2,1,1,0,1,1,0,1,0,1,1,0,1,0,0,0,0,0,0,0,1
53,0,1,0,1,1,1,1,1,0,0,0,0,1,1,0,1,0,0,1,1,1,0,1,0,1,0,1,1,0,1
54,0,1,0,2,0,1,0,0,0,1,0,2,1,2,1,0,0,0,1,1,0,0,0,1,0,0,2,0,1,1
55,0,2,0,1,0,1,0,1,0,1,1,0,1,1,1,0,0,1,1,1,1,1,1,2,1,0,1,2,0,1
56,1,2,0,1,0,0,0,0,0,1,1,0,0,2,1,0,1,1,0,2,2,1,1,1,0,1,1,2,1,1
57,1,2,1,0,1,0,1,0,0,2,2,0,0,0,1,0,0,1,2,0,1,1,1,1,0,0,1,1,1,1
58,1,0,0,0,0,0,0,1,0,1,1,0,0,1,0,0,1,1,0,2,1,1,1,0,1,1,1,0,1,1
59,0,1,0,0,0,0,1,0,0,2,2,0,0,0,1,0,0,0,1,1,1,0,1,0,1,0,1,1,0,1
60,0,0,0,2,0,1,2,0,1,2,0,1,1,1,0,0,1,0,0,0,0,0,0,0,0,0,2,1,2,1
61,1,1,0,1,0,0,1,0,0,1,1,1,1,1,1,0,0,1,2,2,1,0,0,0,0,1,0,1,1,1
62,0,1,0,0,0,0,1,0,1,1,0,1,1,0,0,0,0,0,0,0,1,1,1,0,2,1,1,1,0,1
63,0,0,0,1,0,0,1,0,0,2,1,0,2,0,2,1,1,1,2,0,2,0,0,0,1,0,2,0,0,1
64,0,1,1,2,1,0,0,0,0,1,2,2,1,0,0,0,0,0,2,1,1,0,0,0,0,1,0,0,1,1
65,0,1,0,1,0,1,1,0,0,0,2,0,1,1,2,1,1,2,0,0,0,0,1,0,0,1,1,1,0,1
66,0,1,0,0,0,1,2,1,0,1,2,1,0,0,1,1,1,0,0,1,1,0,0,1,0,0,0,0,0,1
67,0,0,0,1,1,0,1,0,0,0,1,1,1,1,1,0,0,0,1,1,1,1,0,0,1,0,1,1,2,1
68,0,1,0,1,0,0,1,0,0,0,0,1,0,1,0,1,0,2,2,1,1,1,1,0,1,0,0,1,1,1
69,0,1,0,1,0,0,2,0,0,0,1,1,0,1,0,0,0,0,1,1,0,0,0,0,0,0,1,0,1,1
70,0,0,0,0,0,1,1,0,0,1,1,0,0,0,0,0,0,1,0,0,0,2,1,1,0,0,1,1,0,1
71,0,1,0,2,0,0,1,0,0,0,0,2,0,1,0,0,1,0,2,1,1,0,0,1,0,0,2,2,0,1
72,1,1,0,0,0,1,2,1,0,0,1,2,1,0,0,0,0,2,1,2,0,0,1,1,1,0,1,1,1,1
73,2,0,0,1,0,0,2,0,1,0,2,1,0,0,0,0,1,0,0,1,0,1,2,2,1,0,0,0,1,1
74,1,1,1,2,0,0,0,0,0,2,1,0,0,0,0,1,0,0,0,1,1,0,0,0,0,1,1,2,0,1
75,1,2,0,1,0,2,0,1,0,1,0,0,0,0,0,0,1,1,1,1,1,0,0,1,0,1,0,0,0,1
76,0,0,0,1,0,0,2,0,0,0,1,1,2,0,0,1,0,0,2,1,2,1,0,1,1,0,0,1,1,1
77,1,1,0,2,0,1,2,1,0,2,2,1,0,1,1,0,0,1,2,2,0,1,1,1,0,0,1,1,1,1
78,2,0,1,1,0,0,1,0,0,0,1,1,0,0,0,0,1,1,2,0,0,0,0,0,1,0,1,1,2,1
79,1,1,0,0,0,1,1,1,0,1,1,0,0,1,0,0,1,1,2,2,1,0,1,0,0,0,1,2,0,1
80,0,1,0,2,1,0,0,0,0,2,0,1,1,0,0,0,0,1,0,1,1,0,0,1,0,1,1,0,0,1
81,2,1,0,2,0,2,1,0,0,0,2,2,0,0,0,0,1,0,0,2,0,1,1,1,0,0,0,2,0,1
82,1,1,0,1,0,0,1,0,0,1,1,2,0,0,0,0,1,0,0,0,1,1,1,0,0,0,0,0,1,1
83,0,1,0,2,0,1,1,0,0,1,1,0,1,2,0,0,1,0,1,1,1,1,1,0,1,0,1,0,1,1
84,0,1,1,0,0,1,1,0,0,1,1,1,0,0,0,1,1,1,0,1,0,0,0,0,0,0,2,0,1,1
85,2,2,0,1,0,0,1,0,0,1,1,1,1,0,0,0,0,1,2,1,1,1,1,0,2,0,1,1,2,1
86,0,0,1,2,0,0,1,1,1,2,1,1,0,1,0,0,1,0,0,1,2,1,2,1,1,1,0,0,0,1
87,1,0,0,0,0,1,2,0,0,1,2,2,0,1,0,0,1,1,0,1,1,2,0,0,0,2,1,1,0,1
88,1,1,0,2,1,0,1,0,0,0,2,2,0,1,0,1,0,2,0,1,0,1,1,1,0,0,1,1,0,1
89,1,1,1,2,0,1,1,0,0,1,1,1,1,1,0,0,0,1,2,0,0,2,1,0,0,0,1,1,0,1
90,0,1,0,2,0,2,1,0,0,0,1,0,0,2,2,0,0,2,2,0,1,1,1,0,1,0,1,1,1,1
91,0,0,0,2,0,1,1,0,1,1,0,2,1,2,0,0,1,1,2,0,0,1,2,0,0,0,1,1,1,1
92,1,0,0,0,0,1,2,0,0,2,1,1,0,0,0,1,1,1,1,1,0,1,0,1,0,1,1,2,0,1
93,1,1,0,1,0,1,1,0,0,2,0,1,0,0,0,0,0,0,2,0,1,2,2,0,0,1,0,2,1,1
94,1,1,0,1,0,0,0,0,0,2,1,0,0,0,0,1,0,0,0,2,1,0,2,0,1,1,0,1,0,1
95,0,1,0,0,0,0,2,0,0,2,2,0,0,0,1,0,1,1,0,0,1,0,1,0,0,0,0,0,0,1
96,1,2,0,0,2,1,0,0,1,0,1,1,0,2,1,1,1,1,2,2,1,0,0,1,0,0,1,1,1,1
97,1,1,1,2,1,1,0,1,0,0,1,1,0,0,0,0,1,0,0,1,0,1,2,2,1,0,1,1,0,1
98,2,2,0,0,0,1,1,0,0,0,2,0,1,1,0,0,1,1,1,1,1,0,0,0,0,1,1,1,1,1
99,0,2,2,0,0,0,1,0,0,2,1,0,1,2,1,1,0,1,0,0,0,1,0,0,0,0,1,0,0,1
